-- seed.sql — Carga inicial dos dados reais (gerado a partir de src/data/db.json)
-- Executar APÓS o schema.sql. Idempotente: usa upsert via ON CONFLICT.
-- GOP / 3ª CRE — SME-RJ

-- 134 escolas
INSERT INTO escolas (designacao, unidade_escolar, sici, endereco, bairro, confirmado_pela_unidade, validado_pela_gop, qtd_salas_de_aula, aparelhos_em_sala, aparelhos_total, salas_sem_aparelho, necessidade_aparelhos, acao_sugerida) VALUES
  ('313502', 'CIEP Chanceler Willy Brandt', '11797', 'Rua Álvaro Seixas, S/Nº', 'Engenho Novo', 'Não', 'Não', 21, 21, 29, 0, 0, 'Solicitar confirmação à unidade'),
  ('312503', 'CIEP Coronel Sarmento', '11858', 'Av. Itaóca, S/Nº', 'Inhaúma', 'Não', 'Não', 28, 28, 37, 0, 18, 'Solicitar confirmação à unidade'),
  ('312501', 'CIEP Patrice Lumumba', '11864', 'Praça Da Confederação Suíça,  s/nº', 'Del Castilho', 'Não', 'Não', 18, 28, 31, 0, 12, 'Solicitar confirmação à unidade'),
  ('312502', 'CIEP Procópio Ferreira', '11859', 'Praça Da Confederação Suíça, S/Nº', 'Del Castilho', 'Não', 'Não', 19, 15, 15, 4, 4, 'Solicitar confirmação à unidade'),
  ('328501', 'CIEP Vinicius de Moraes', '11789', 'Av. Dom Hélder Câmara, 1.715 1715', 'Jacarezinho', 'Não', 'Não', 22, 21, 27, 1, 1, 'Solicitar confirmação à unidade'),
  ('313602', 'Creche Municipal Aconchego', '17901', 'Rua Maria Luisa 70', 'Lins De Vasconcelos', 'Não', 'Não', 5, 9, 10, 0, 1, 'Solicitar confirmação à unidade'),
  ('312601', 'Creche Municipal Cantinho Feliz', '18660', 'Praça dos Esportes - Águia De Ouro 10', 'Inhaúma', 'Não', 'Não', 6, 9, 13, 0, 4, 'Solicitar confirmação à unidade'),
  ('313606', 'Creche Municipal Cantinho do Queto', '18659', 'Rua Salvador, 1 - Morro Do Queto', 'Sampaio', 'Não', 'Não', 4, 4, 6, 0, 0, 'Solicitar confirmação à unidade'),
  ('313610', 'Creche Municipal Emmanuel', '39767', 'Rua Heráclito Graça 509', 'Lins De Vasconcelos', 'Não', 'Não', 6, 7, 9, 0, 1, 'Solicitar confirmação à unidade'),
  ('312602', 'Creche Municipal Engenho da Rainha', '18685', 'Rua Pereira Pinto 191', 'Tomás Coelho', 'Não', 'Não', 4, 8, 14, 0, 0, 'Solicitar confirmação à unidade'),
  ('328601', 'Creche Municipal Geralda de Jesus Aleixo', '18694', 'Av. Dom Hélder Câmara, 2.057', 'Jacarezinho', 'Não', 'Não', 6, 8, 10, 1, 4, 'Solicitar confirmação à unidade'),
  ('313611', 'Creche Municipal José Ramos Januário - Zé Pretinho', '39766', 'Rua Luiz Jorge Salomão - Morro São João 347', 'Engenho Novo', 'Não', 'Não', 6, 11, 14, 0, 1, 'Solicitar confirmação à unidade'),
  ('330601', 'Creche Municipal José de Vieira da Silva', '18704', 'Estrada do Itararé 480 Rua Nova', 'Bonsucesso', 'Não', 'Não', 4, 8, 9, 0, 1, 'Solicitar confirmação à unidade'),
  ('313612', 'Creche Municipal Marcilia Catarina da Costa Orgélio - Tia Mana', '39765', 'Rua dos Rios - Comunidade Dois de Maio s/nº', 'Jacaré', 'Não', 'Não', 6, 6, 13, 0, 1, 'Solicitar confirmação à unidade'),
  ('313604', 'Creche Municipal Nosso Cantinho', '18619', 'Av. Menezes Cortes, Km 0, S/Nº', 'Engenho Novo', 'Não', 'Não', 5, 10, 13, 0, 0, 'Solicitar confirmação à unidade'),
  ('330602', 'Creche Municipal Nova Brasília', '18735', 'Rua Jehovan Costa, S/Nº - Complexo Do Alemão', 'Bonsucesso', 'Não', 'Não', 6, 11, 16, 0, 1, 'Solicitar confirmação à unidade'),
  ('313607', 'Creche Municipal Odetinha Vidal de Oliveira', '18740', 'Rua Prof. Antenor Nascentes, 340 - Conj. Hab. Lins De Vascondelos', 'Lins De Vasconcelos', 'Não', 'Não', 8, 9, 12, 0, 3, 'Solicitar confirmação à unidade'),
  ('313608', 'Creche Municipal Rachel Leite Dias', '18746', 'Rua Fernão Cardim, s/n.º  Comunidade Fernão Cardim s/n.º', 'Engenho De Dentro', 'Não', 'Não', 6, 12, 14, 0, 0, 'Solicitar confirmação à unidade'),
  ('313609', 'Creche Municipal Recanto da Cachoeira', '39768', 'Rua Sincorá - Cachoeira Grande s/nº', 'Lins De Vasconcelos', 'Não', 'Não', 6, 8, 9, 0, 1, 'Solicitar confirmação à unidade'),
  ('312603', 'Creche Municipal Renascer', '39103', 'Rua Engenheiro José de Castro 24', 'Del Castilho', 'Não', 'Não', 6, 8, 10, 0, 0, 'Solicitar confirmação à unidade'),
  ('313603', 'Creche Municipal Sylvia Orthof', '17900', 'Rua Solimões, S/Nº - Morro Do Urubu', 'Piedade', 'Não', 'Não', 4, 4, 9, 0, 1, 'Solicitar confirmação à unidade'),
  ('328602', 'Creche Municipal Tia Andreza', '18770', 'Rua José Maria Belo S/N.°', 'Jacaré', 'Não', 'Não', 4, 4, 5, 0, 4, 'Solicitar confirmação à unidade'),
  ('313601', 'Creche Municipal Vila dos Mineiros', '17902', 'Rua Manuel Correia,199 - Casa 2 - Vila Dos Mineiros', 'Piedade', 'Não', 'Não', 3, 5, 7, 0, 1, 'Solicitar confirmação à unidade'),
  ('328604', 'Creche Municipal da Comunidade do Jacarezinho', '19110', 'Rua Do Comércio  - Praça do Azul s/n', 'Jacarezinho', 'Não', 'Não', 6, 7, 8, 0, 0, 'Solicitar confirmação à unidade'),
  ('313055', 'Escola Especial Municipal Doutor Ulisses Pernambucano', '11801', 'Rua Dois De Fevereiro, S/Nº', 'Encantado', 'Não', 'Não', 7, 7, 8, 0, 0, 'Solicitar confirmação à unidade'),
  ('313024', 'Escola Municipal Acre', '', 'Rua Santos Titara 50', 'Todos Os Santos', 'Não', 'Não', 13, 21, 30, 0, 1, 'Solicitar confirmação à unidade'),
  ('313019', 'Escola Municipal Affonso Taunay', '11839', 'Rua Vilela Tavares 211', 'Méier', 'Não', 'Não', 7, 6, 12, 0, 1, 'Solicitar confirmação à unidade'),
  ('313051', 'Escola Municipal Alagoas', '11807', 'Av. Dom Hélder Câmara, 6.742', 'Pilares', 'Não', 'Não', 13, 23, 25, 0, 11, 'Solicitar confirmação à unidade'),
  ('312002', 'Escola Municipal Alcide de Gasperi', '11483', 'Rua Miraluz 181', 'Higienópolis', 'Não', 'Não', 11, 20, 27, 0, 2, 'Solicitar confirmação à unidade'),
  ('312035', 'Escola Municipal Antônio Pereira', '10908', 'Rua Moacir De Almeida  771', 'Tomás Coelho', 'Não', 'Não', 15, 25, 32, 0, 2, 'Solicitar confirmação à unidade'),
  ('313037', 'Escola Municipal Augusto Frederico Schmidt', '11821', 'Rua  Mapurari, S/Nº', 'Engenho De Dentro', 'Não', 'Não', 6, 6, 14, 0, 0, 'Solicitar confirmação à unidade'),
  ('312015', 'Escola Municipal Barão de Macahubas', '11496', 'Rua Padre Januario, 220', 'Inhaúma', 'Não', 'Não', 6, 12, 14, 0, 0, 'Solicitar confirmação à unidade'),
  ('313016', 'Escola Municipal Benevenuta Ribeiro', '11842', 'Rua Felipe Cavalcanti, 10', 'Méier', 'Não', 'Não', 7, 13, 18, 0, 1, 'Solicitar confirmação à unidade'),
  ('313020', 'Escola Municipal Bento Ribeiro', '11838', 'Rua Cônego Tobias 112', 'Méier', 'Não', 'Não', 19, 32, 42, 0, 0, 'Solicitar confirmação à unidade'),
  ('313032', 'Escola Municipal Bolívar', '11826', 'Rua José Dos Reis, 466', 'Engenho De Dentro', 'Não', 'Não', 12, 12, 23, 0, 2, 'Solicitar confirmação à unidade'),
  ('313040', 'Escola Municipal Brigadeiro Faria Lima', '11818', 'Rua Violeta, S/Nº', 'Água Santa', 'Não', 'Não', 17, 34, 40, 2, 11, 'Solicitar confirmação à unidade'),
  ('312016', 'Escola Municipal Ceará', '11497', 'Rua Dona Emilia, 161', 'Inhaúma', 'Não', 'Não', 21, 37, 44, 0, 7, 'Solicitar confirmação à unidade'),
  ('313005', 'Escola Municipal Cesar Augusto Soares', '11853', 'Rua Cadete Paim Pamplona 50', 'Sampaio', 'Não', 'Não', 7, 7, 12, 1, 1, 'Solicitar confirmação à unidade'),
  ('312043', 'Escola Municipal Cívico Militar Carioca', '46768', 'Rua Conde de Porto Alegre,301 - Bloco 3', 'Rocha', 'Não', 'Não', 24, 49, 64, 1, 15, 'Solicitar confirmação à unidade'),
  ('312005', 'Escola Municipal D. João VI', '11486', 'Rua Darke De Matos 166', 'Higienópolis', 'Não', 'Não', 18, 36, 48, 10, 5, 'Solicitar confirmação à unidade'),
  ('312008', 'Escola Municipal Delfim Moreira', '11489', 'Pça. Ubajara 28', 'Jacaré', 'Não', 'Não', 18, 36, 45, 0, 4, 'Solicitar confirmação à unidade'),
  ('312024', 'Escola Municipal Domingos Bebiano', '11505', 'Estr. Adhemar Bebiano, 1.870', 'Inhaúma', 'Não', 'Não', 10, 14, 21, 0, 3, 'Solicitar confirmação à unidade'),
  ('313008', 'Escola Municipal Dr. Mário Augusto Teixeira de Freitas', '11850', 'Pça. Ibae, S/Nº', 'Engenho Novo', 'Não', 'Não', 10, 22, 26, 0, 1, 'Solicitar confirmação à unidade'),
  ('313035', 'Escola Municipal Edgard Sussekind de Mendonça', '11823', 'Rua Ana Leonídia, S/Nº', 'Engenho De Dentro', 'Não', 'Não', 7, 13, 17, 0, 0, 'Solicitar confirmação à unidade'),
  ('312044', 'Escola Municipal Elza Soares', '52076', 'Rua Ana Neri 1552 Bloco 2', 'Rocha', 'Não', 'Não', 14, 29, 45, 0, 1, 'Solicitar confirmação à unidade'),
  ('313054', 'Escola Municipal Engenheiro Roberto Magno de Carvalho', '11804', 'Praça José Benevides, S/Nº', 'Pilares', 'Não', 'Não', 9, 17, 21, 0, 0, 'Solicitar confirmação à unidade'),
  ('312004', 'Escola Municipal Estado da Guanabara', '11485', 'Rua Lourenço Ribeiro 31', 'Higienópolis', 'Não', 'Não', 18, 18, 29, 0, 10, 'Solicitar confirmação à unidade'),
  ('312031', 'Escola Municipal Eurico Salles', '10904', 'Av. Pastor Martin Luther King,  3.416', 'Engenho Da Rainha', 'Não', 'Não', 16, 26, 33, 0, 2, 'Solicitar confirmação à unidade'),
  ('312021', 'Escola Municipal Eurico Vilela', '11502', 'Rua Lagoa Clara, S/Nº', 'Inhaúma', 'Não', 'Não', 10, 29, 34, 1, 7, 'Solicitar confirmação à unidade'),
  ('313021', 'Escola Municipal Francisco Jobim', '11837', 'Rua Adriano 310', 'Todos Os Santos', 'Não', 'Não', 10, 20, 27, 0, 0, 'Solicitar confirmação à unidade'),
  ('312009', 'Escola Municipal George Sumner', '11490', 'Rua Ana Néri, 2.028', 'Riachuelo', 'Não', 'Não', 19, 37, 40, 0, 0, 'Solicitar confirmação à unidade'),
  ('313042', 'Escola Municipal Goiás', '11816', 'Rua Goiás,  248', 'Engenho De Dentro', 'Não', 'Não', 12, 20, 26, 0, 0, 'Solicitar confirmação à unidade'),
  ('312020', 'Escola Municipal Gustavo Armbrust', '11501', 'Rua Irapó S/N.°', 'Inhaúma', 'Não', 'Não', 11, 19, 24, 0, 3, 'Solicitar confirmação à unidade'),
  ('313023', 'Escola Municipal Honório Gurgel', '11835', 'Rua José Dos Reis 707', 'Engenho De Dentro', 'Não', 'Não', 7, 14, 22, 0, 0, 'Solicitar confirmação à unidade'),
  ('313034', 'Escola Municipal Hélio Smidt', '11824', 'Rua José Dos Reis, 879', 'Engenho De Dentro', 'Não', 'Não', 12, 11, 17, 0, 4, 'Solicitar confirmação à unidade'),
  ('313018', 'Escola Municipal Isabel Mendes', '11840', 'Rua Joaquim Méier 293', 'Méier', 'Não', 'Não', 13, 25, 28, 1, 13, 'Solicitar confirmação à unidade'),
  ('313027', 'Escola Municipal Jean Mermoz', '11831', 'Rua São Gabriel, 261', 'Cachambi', 'Não', 'Não', 13, 25, 37, 0, 0, 'Solicitar confirmação à unidade'),
  ('312023', 'Escola Municipal Joaquim Ribeiro', '11504', 'Pça. Soldado Cosme Dos Santos, 28 28', 'Inhaúma', 'Não', 'Não', 19, 20, 25, 0, 3, 'Solicitar confirmação à unidade'),
  ('312041', 'Escola Municipal José Aparecido do Prado Sarti', '44148', 'Rua Alcides de Oliveira', 'Inhaúma', 'Não', 'Não', 9, 18, 29, 0, 0, 'Solicitar confirmação à unidade'),
  ('313011', 'Escola Municipal José Eduardo de Macedo Soares', '11848', 'Rua Mário Piragibe 41', 'Lins De Vasconcelos', 'Não', 'Não', 12, 24, 34, 0, 12, 'Solicitar confirmação à unidade'),
  ('313026', 'Escola Municipal José Lins do Rego', '11832', 'Rua Reginaldo Pardelha, S/Nº', 'Cachambi', 'Não', 'Não', 5, 5, 7, 0, 1, 'Solicitar confirmação à unidade'),
  ('312029', 'Escola Municipal José Marti', '10902', 'Pça. Abuna, S/Nº', 'Engenho Da Rainha', 'Não', 'Não', 5, 10, 12, 0, 2, 'Solicitar confirmação à unidade'),
  ('313002', 'Escola Municipal José Veríssimo', '11856', 'Rua Henrique Dias,  150', 'Rocha', 'Não', 'Não', 21, 24, 29, 2, 12, 'Solicitar confirmação à unidade'),
  ('313044', 'Escola Municipal João Kopke', '11814', 'Rua Souza Cerqueira, 63', 'Piedade', 'Não', 'Não', 18, 36, 50, 0, 0, 'Solicitar confirmação à unidade'),
  ('312017', 'Escola Municipal Lauro Sodré', '11498', 'Estr. Adhemar Bebiano, 785', 'Inhaúma', 'Não', 'Não', 11, 20, 25, 1, 3, 'Solicitar confirmação à unidade'),
  ('312033', 'Escola Municipal Levy Neves', '10906', 'Rua Compositor J. B. Carvalho, 64 64', 'Engenho Da Rainha', 'Não', 'Não', 20, 27, 37, 0, 14, 'Solicitar confirmação à unidade'),
  ('312034', 'Escola Municipal Liberato Bittencourt', '10907', 'Rua Eng. César Do Rêgo M. Filho, S/Nº', 'Engenho Da Rainha', 'Não', 'Não', 12, 20, 22, 0, 3, 'Solicitar confirmação à unidade'),
  ('313503', 'Escola Municipal Lins de Vasconcelos', '11792', 'Rua Engenheiro Brotero 126', 'Lins De Vasconcelos', 'Não', 'Não', 17, 31, 36, 6, 8, 'Solicitar confirmação à unidade'),
  ('313038', 'Escola Municipal Londres', '11820', 'Rua Monsenhor Jerônimo, S/Nº', 'Engenho De Dentro', 'Não', 'Não', 10, 10, 19, 0, 9, 'Solicitar confirmação à unidade'),
  ('312012', 'Escola Municipal Manoel Bomfim', '11493', 'Rua Braque, 31', 'Del Castilho', 'Não', 'Não', 18, 31, 35, 1, 7, 'Solicitar confirmação à unidade'),
  ('313052', 'Escola Municipal Maranhão', '11806', 'Av. João Ribeiro, 389', 'Pilares', 'Não', 'Não', 13, 22, 35, 0, 0, 'Solicitar confirmação à unidade'),
  ('313001', 'Escola Municipal Marechal Carlos Machado Bittencourt', '11857', 'Rua Dr. Garnier,  390 A', 'Rocha', 'Não', 'Não', 9, 19, 23, 0, 9, 'Solicitar confirmação à unidade'),
  ('312030', 'Escola Municipal Marechal Estevão Leitão de Carvalho', '10903', 'Av. Pastor Martin Luther King, 3.217', 'Tomás Coelho', 'Não', 'Não', 14, 16, 18, 0, 0, 'Solicitar confirmação à unidade'),
  ('313033', 'Escola Municipal Maria Izabel Bivar', '11825', 'Rua José Dos Reis, 1.305', 'Engenho De Dentro', 'Não', 'Não', 12, 17, 22, 0, 3, 'Solicitar confirmação à unidade'),
  ('313014', 'Escola Municipal Medeiros e Albuquerque', '11844', 'Rua Bolívia 62', 'Engenho Novo', 'Não', 'Não', 6, 12, 17, 0, 1, 'Solicitar confirmação à unidade'),
  ('313056', 'Escola Municipal Ministro Carlos Alberto Menezes Direito', '44812', 'Rua Bérgamo 342', 'Rocha', 'Não', 'Não', 10, 20, 32, 0, 3, 'Solicitar confirmação à unidade'),
  ('313013', 'Escola Municipal Ministro Gama Filho', '11845', 'Rua Eng. Eufrásio Borges 14', 'Lins De Vasconcelos', 'Não', 'Não', 17, 37, 46, 0, 0, 'Solicitar confirmação à unidade'),
  ('312006', 'Núcleo de Arte Nise da Silveira', '33166803', 'Rua Darke de Matos, 152', 'Higienópolis', 'Não', 'Não', 13, 13, 23, 0, 0, 'Solicitar confirmação à unidade'),
  ('312014', 'Escola Municipal Nereu Sampaio', '11495', 'Rua Nunes Viana, S/Nº', 'Inhaúma', 'Não', 'Não', 20, 25, 45, 3, 13, 'Solicitar confirmação à unidade'),
  ('312018', 'Escola Municipal Nicolau Antônio Taunay', '11499', 'Rua Gimirim, S/Nº', 'Inhaúma', 'Não', 'Não', 15, 21, 24, 0, 0, 'Solicitar confirmação à unidade'),
  ('313031', 'Escola Municipal Nossa Senhora de Pompéia', '11827', 'Rua Cirne Maia 109', 'Cachambi', 'Não', 'Não', 8, 12, 19, 0, 5, 'Solicitar confirmação à unidade'),
  ('312019', 'Escola Municipal Olavo Josino de Salles', '11500', 'Rua Guarapuava, S/Nº', 'Inhaúma', 'Não', 'Não', 15, 27, 32, 0, 4, 'Solicitar confirmação à unidade'),
  ('312003', 'Escola Municipal Ordem e Progresso', '11484', 'Rua Acapuva 132', 'Higienópolis', 'Não', 'Não', 7, 7, 10, 0, 5, 'Solicitar confirmação à unidade'),
  ('312001', 'Escola Municipal Oswaldo Cruz', '11482', 'Av. Dos Democráticos, 683', 'Manguinhos', 'Não', 'Não', 20, 32, 43, 0, 2, 'Solicitar confirmação à unidade'),
  ('312010', 'Escola Municipal Pace', '11491', 'Av. Dom Hélder Câmara 2.320', 'Maria Da Graça', 'Não', 'Não', 7, 11, 14, 0, 2, 'Solicitar confirmação à unidade'),
  ('313003', 'Escola Municipal Pareto', '11855', 'Rua Vinte E Quatro De Maio, 225 225', 'Riachuelo', 'Não', 'Não', 17, 32, 42, 0, 2, 'Solicitar confirmação à unidade'),
  ('313030', 'Escola Municipal Pastor Miranda Pinto', '11828', 'Pça. Avaí, S/Nº', 'Cachambi', 'Não', 'Não', 11, 20, 33, 0, 4, 'Solicitar confirmação à unidade'),
  ('312011', 'Escola Municipal Pernambuco', '11492', 'Rua Conde De Azambuja  579', 'Maria Da Graça', 'Não', 'Não', 21, 21, 25, 0, 16, 'Solicitar confirmação à unidade'),
  ('312027', 'Escola Municipal Professor Afonso Várzea', '10900', 'Av. Itaóca 2.086', 'Inhaúma', 'Não', 'Não', 26, 28, 32, 0, 13, 'Solicitar confirmação à unidade'),
  ('313022', 'Escola Municipal Professor Augusto Paulino Filho', '11836', 'Rua Cônego Tobias 116', 'Méier', 'Não', 'Não', 23, 40, 46, 2, 6, 'Solicitar confirmação à unidade'),
  ('329001', 'Escola Municipal Professor Mourão Filho', '11788', 'Rua Aristóteles  Ferreira S/N°', 'Bonsucesso', 'Não', 'Não', 16, 11, 39, 2, 11, 'Solicitar confirmação à unidade'),
  ('313025', 'Escola Municipal Professor Visitação', '11833', 'Rua Ferreira De Andrade 209 Fundos', 'Cachambi', 'Não', 'Não', 9, 17, 21, 1, 6, 'Solicitar confirmação à unidade'),
  ('312025', 'Escola Municipal Professora Arminda Moreira Padova', '10898', 'Rua Chapadinha s/nº', 'Inhaúma', 'Não', 'Não', 5, 10, 16, 0, 0, 'Solicitar confirmação à unidade'),
  ('312037', 'Escola Municipal Professora Vera Saback Sampaio', '11866', 'Estrada de Itararé 1071', 'Bonsucesso', 'Não', 'Não', 20, 20, 27, 0, 18, 'Solicitar confirmação à unidade'),
  ('313046', 'Escola Municipal República de El Salvador', '11812', 'Rua Almeida Nogueira, 85', 'Piedade', 'Não', 'Não', 13, 19, 29, 0, 4, 'Solicitar confirmação à unidade'),
  ('313015', 'Escola Municipal República do Peru', '11843', 'Rua Arquias Cordeiro 508', 'Méier', 'Não', 'Não', 16, 31, 37, 0, 4, 'Solicitar confirmação à unidade'),
  ('312032', 'Escola Municipal Reverendo Álvaro Reis', '10905', 'Estr.Adhemar Bebiano, 4.341', 'Engenho Da Rainha', 'Não', 'Não', 14, 29, 32, 0, 3, 'Solicitar confirmação à unidade'),
  ('313036', 'Escola Municipal Rio Grande do Sul', '11822', 'Rua Adolfo Bergamini, 201', 'Engenho De Dentro', 'Não', 'Não', 26, 39, 46, 0, 0, 'Solicitar confirmação à unidade'),
  ('313006', 'Escola Municipal Rio de Janeiro', '11852', 'Rua Peçanha Da Silva, 165', 'Engenho Novo', 'Não', 'Não', 10, 18, 25, 0, 0, 'Solicitar confirmação à unidade'),
  ('312022', 'Escola Municipal Rubens Berardo', '11503', 'Av. Itaóca, 2.326 2.326', 'Inhaúma', 'Não', 'Não', 17, 17, 22, 0, 17, 'Solicitar confirmação à unidade'),
  ('313007', 'Escola Municipal Sarmiento', '11851', 'Rua Vinte Quatro De Maio 931', 'Engenho Novo', 'Não', 'Não', 18, 16, 18, 3, 16, 'Solicitar confirmação à unidade'),
  ('313012', 'Escola Municipal Senador João Lyra Tavares', '11847', 'Rua Luiz Bezerra 2', 'Lins De Vasconcelos', 'Não', 'Não', 16, 18, 24, 0, 16, 'Solicitar confirmação à unidade'),
  ('313501', 'Escola Municipal Senegal', '11798', 'Rua Vitor Meireles,  161', 'Riachuelo', 'Não', 'Não', 11, 22, 30, 0, 0, 'Solicitar confirmação à unidade'),
  ('313053', 'Escola Municipal Suécia', '11805', 'Rua Mateus De Andrade, 42', 'Pilares', 'Não', 'Não', 12, 17, 29, 0, 8, 'Solicitar confirmação à unidade'),
  ('312013', 'Escola Municipal São Domingos', '11494', 'Pça. Confederação Suíça, S/Nº', 'Del Castilho', 'Não', 'Não', 8, 14, 17, 0, 4, 'Solicitar confirmação à unidade'),
  ('313048', 'Escola Municipal Sérvulo de Lima', '11810', 'Rua Elias Da Silva, 27', 'Piedade', 'Não', 'Não', 5, 5, 7, 0, 0, 'Solicitar confirmação à unidade'),
  ('313043', 'Escola Municipal Tagore', '11815', 'Pça. Frederico Durval, S/Nº', 'Piedade', 'Não', 'Não', 9, 15, 18, 0, 0, 'Solicitar confirmação à unidade'),
  ('313029', 'Escola Municipal Thomas Mann', '11829', 'Rua Ferreira De Andrade, 195', 'Cachambi', 'Não', 'Não', 8, 19, 23, 0, 1, 'Solicitar confirmação à unidade'),
  ('313041', 'Escola Municipal Tobias Barreto', '11817', 'Rua Pompilio De Albuquerque 62', 'Encantado', 'Não', 'Não', 13, 24, 30, 1, 8, 'Solicitar confirmação à unidade'),
  ('313049', 'Escola Municipal Virgílio de Melo Franco', '11809', 'Rua Eng. Clovis Daudt, 310 310', 'Piedade', 'Não', 'Não', 15, 27, 38, 0, 2, 'Solicitar confirmação à unidade'),
  ('313802', 'Espaço de Desenvolvimento Infantil Anísio Teixeira', '44859', 'Rua Avenida João Ribeiro 389', 'Pilares', 'Não', 'Não', 6, 6, 9, 2, 3, 'Solicitar confirmação à unidade'),
  ('312811', 'Espaço de Desenvolvimento Infantil Bricio Filho', '11488', 'Av. Dom Hélder Câmara 1.496', 'Benfica', 'Não', 'Não', 8, 16, 19, 0, 0, 'Solicitar confirmação à unidade'),
  ('313807', 'Espaço de Desenvolvimento Infantil Carlos Gomes', '11808', 'Rua José Dos Reis, 1.305  Fundos', 'Engenho De Dentro', 'Não', 'Não', 5, 10, 12, 0, 1, 'Solicitar confirmação à unidade'),
  ('312807', 'Espaço de Desenvolvimento Infantil Del Castilho', '10910', 'Av. Dom Hélder Câmara 3732', 'Del Castilho', 'Não', 'Não', 5, 5, 7, 0, 0, 'Solicitar confirmação à unidade'),
  ('329801', 'Espaço de Desenvolvimento Infantil Dona Lindu', '43116', 'Estrada do Itararé 650 Comp. do Alemão', 'Ramos', 'Não', 'Não', 7, 9, 11, 0, 3, 'Solicitar confirmação à unidade'),
  ('313806', 'Espaço de Desenvolvimento Infantil Educandário de Santa Cruz', '11813', 'Rua Purus, S/Nº', 'Piedade', 'Não', 'Não', 9, 11, 13, 0, 0, 'Solicitar confirmação à unidade'),
  ('313809', 'Espaço de Desenvolvimento Infantil Escultora Lygia Clark (antigo colégio Mestre Mariano)', '46766', ' Travessa Soares Pereira, nº 13', 'Água Santa', 'Não', 'Não', 8, 8, 10, 0, 0, 'Solicitar confirmação à unidade'),
  ('313830', 'Espaço de Desenvolvimento Infantil Félix Pacheco', '11811', 'Rua Assis Carneiro, 649', 'Piedade', 'Não', 'Não', 9, 16, 19, 0, 3, 'Solicitar confirmação à unidade'),
  ('313804', 'Espaço de Desenvolvimento Infantil George Bernanos', '11830', 'Pça. Avai, S/Nº', 'Cachambi', 'Não', 'Não', 6, 12, 15, 0, 2, 'Solicitar confirmação à unidade'),
  ('312801', 'Espaço de Desenvolvimento Infantil Henrique Foréis', '44182', 'Rua Manoel Maurício', 'Inhauma', 'Não', 'Não', 5, 5, 9, 0, 2, 'Solicitar confirmação à unidade'),
  ('312812', 'Espaço de Desenvolvimento Infantil Hermenegildo de Barros', '10901', 'Pça. Emboaba s/nº', 'Engenho Da Rainha', 'Não', 'Não', 10, 10, 14, 0, 0, 'Solicitar confirmação à unidade'),
  ('312813', 'Espaço de Desenvolvimento Infantil Jornalista Jorge Bastos Moreno', '52274', 'Rua Ana Neri 1552 Bloco 1', 'Rocha', 'Não', 'Não', 14, 21, 29, 0, 4, 'Solicitar confirmação à unidade'),
  ('312802', 'Espaço de Desenvolvimento Infantil Lucia Maria Batista de Albuquerque', '44387', 'Estrada do Itararé 1031', 'Bonsucesso', 'Não', 'Não', 10, 10, 10, 0, 10, 'Solicitar confirmação à unidade'),
  ('313803', 'Espaço de Desenvolvimento Infantil Maria Braz', '11849', 'Rua Heráclito Graça, 109', 'Lins De Vasconcelos', 'Não', 'Não', 8, 15, 17, 0, 1, 'Solicitar confirmação à unidade'),
  ('312810', 'Espaço de Desenvolvimento Infantil Maria Mazzetti', '45649', 'Av. Pastor Martin Luther King 4676', 'Tomás Coelho', 'Não', 'Não', 5, 10, 14, 0, 0, 'Solicitar confirmação à unidade'),
  ('313805', 'Espaço de Desenvolvimento Infantil Maurício Cardoso', '11819', 'Rua Adolfo Bergamini, 231', 'Engenho De Dentro', 'Não', 'Não', 10, 10, 14, 0, 0, 'Solicitar confirmação à unidade'),
  ('328801', 'Espaço de Desenvolvimento Infantil Padre Nelson Carlos Del Mônaco', '43288', 'Avenida Dom Hélder Câmara 1811', 'Benfica', 'Não', 'Não', 8, 9, 11, 1, 3, 'Solicitar confirmação à unidade'),
  ('313808', 'Espaço de Desenvolvimento Infantil Presidente Kennedy', '11854', 'Rua Vitor Meireles 145', 'Riachuelo', 'Não', 'Não', 6, 6, 11, 0, 0, 'Solicitar confirmação à unidade'),
  ('313801', 'Espaço de Desenvolvimento Infantil Professor José Libonati Filho', '44811', 'Rua Bérgamo 342', 'Rocha', 'Não', 'Não', 4, 9, 10, 0, 1, 'Solicitar confirmação à unidade'),
  ('312806', 'Espaço de Desenvolvimento Infantil Professora Eliane Monte Chiari Dantas', '44858', 'Rua Yucatan s/nº', 'Inhauma', 'Não', 'Não', 6, 6, 11, 0, 0, 'Solicitar confirmação à unidade'),
  ('312803', 'Espaço de Desenvolvimento Infantil Professora Luiza Helena Maia Medeiros', '44418', 'Travessa Guanajuato s/n°', 'Bonsucesso', 'Não', 'Não', 5, 8, 13, 0, 1, 'Solicitar confirmação à unidade'),
  ('312804', 'Espaço de Desenvolvimento Infantil Professora Tania Martins Novo Lenz', '44468', 'Rua Italia D`Incau s/n°', 'Cavalcanti', 'Não', 'Não', 8, 10, 14, 0, 1, 'Solicitar confirmação à unidade'),
  ('312809', 'Espaço de Desenvolvimento Infantil Professora Valéria Pereira de Souza Pinto', '45421', 'Rua Projetada s/nº Complexo Alemão ', 'Bonsucesso', 'Não', 'Não', 9, 17, 21, 0, 9, 'Solicitar confirmação à unidade'),
  ('312805', 'Espaço de Desenvolvimento Infantil Tânia Cristina Moreira', '44630', 'Rua Relicário s/nº', 'Inhaúma', 'Não', 'Não', 9, 9, 13, 8, 8, 'Solicitar confirmação à unidade')
ON CONFLICT (designacao) DO UPDATE SET
  unidade_escolar=EXCLUDED.unidade_escolar, sici=EXCLUDED.sici, endereco=EXCLUDED.endereco, bairro=EXCLUDED.bairro, confirmado_pela_unidade=EXCLUDED.confirmado_pela_unidade, validado_pela_gop=EXCLUDED.validado_pela_gop, qtd_salas_de_aula=EXCLUDED.qtd_salas_de_aula, aparelhos_em_sala=EXCLUDED.aparelhos_em_sala, aparelhos_total=EXCLUDED.aparelhos_total, salas_sem_aparelho=EXCLUDED.salas_sem_aparelho, necessidade_aparelhos=EXCLUDED.necessidade_aparelhos, acao_sugerida=EXCLUDED.acao_sugerida;

-- 28 chamados
INSERT INTO chamados (id_chamado, unidade_escolar, designacao, data_solicitacao, local_demanda, tipo_demanda, status_atual, setor_responsavel, proxima_providencia, ultima_movimentacao, informacao_validada, prioridade, comunicacao_cto, observacoes, resultado_aptidao, criado_em, modificado_em) VALUES
  ('GOP-AR-2026-0001', 'Escola Municipal Professor Visitação', '313025', '2026-03-24T00:00:00', '6, 8, 9, SR', 'Substituição/Instalação de Aparelho', '5 - Orçamento em análise/decisão', 'GIN / Unidade Escolar', 'Confirmar recurso, data de início e previsão de conclusão das adequações.', '', 'Pendente de Vistoria', 'Média', 'Não', 'Status original: CTIN aprovou os orçamentos | Observação original: Aguardando data de início das adequações elétricas | Registro GOP: Previsão de  conclusão elétrica 16/06', 'Não apta', '2026-03-24T00:00:00', '2026-03-24T00:00:00'),
  ('GOP-AR-2026-0002', 'Escola Municipal Bento Ribeiro', '313020', '2025-12-09T00:00:00', 'A confirmar pela unidade', 'Substituição/Instalação de Aparelho', '4 - Aguardando orçamento', 'Unidade Escolar / GIN', 'Cobrar/receber orçamentos e conferir se contemplam o escopo técnico.', '', 'Pendente de Vistoria', 'Média', 'Não', 'Status original: Aguardando novos orçamentos para adequação | Observação original: E/CTIN sinalizou que os orçamentos enviados não atendem - 14/04/2026 | Registro GOP: Visita da CTIN não identificou demanda por aprelhos / Diretor solicita aparel...', 'Não apta', '2025-12-09T00:00:00', '2025-12-09T00:00:00'),
  ('GOP-AR-2026-0003', 'Espaço de Desenvolvimento Infantil Tânia Cristina Moreira', '312805', '2025-08-18T00:00:00', 'Salas: 1, 2, 3, 4, 5, 6, 7 e 8', 'Substituição/Instalação de Aparelho', '10 - Concluído', 'GOP', 'Confirmar encerramento e atualizar cadastro vivo da unidade.', '', 'Sim', 'Média', 'Não', 'Status original: Serviços elétricos finalizados | Observação original: E/CTIN disse que agendaria vistoria - 20/04/2026 | Registro GOP: Instalados', 'Apta', '2025-08-18T00:00:00', '2025-08-18T00:00:00'),
  ('GOP-AR-2026-0004', 'CIEP Procópio Ferreira', '312502', '2026-03-24T00:00:00', 'Salas 5, 12, 17 e 20 1 e 18', 'Substituição/Instalação de Aparelho', '7 - Adequação em execução', 'GIN / Unidade Escolar', 'Acompanhar execução e registrar data de conclusão.', '', 'Pendente de Vistoria', 'Média', 'Não', 'Status original: CTIN aprovou os orçamentos | Observação original: Aguardando data de início das adequações elétricas | Registro GOP: Sala de aula sem climatização. Obra iniciada em 13/05 previsão de término 30/05', 'Não apta', '2026-03-24T00:00:00', '2026-03-24T00:00:00'),
  ('GOP-AR-2026-0005', 'Creche Municipal Geralda de Jesus Aleixo', '328601', '2026-03-24T00:00:00', 'Berçário', 'Substituição/Instalação de Aparelho', '10 - Concluído', 'GOP', 'Confirmar encerramento e atualizar cadastro vivo da unidade.', '', 'Pendente de Vistoria', 'Média', 'Não', 'Status original: Orçamentos aprovados pela E/CTIN em 17/04/2026 | Observação original: Aguardando previsão de término das adequações elétricas | Registro GOP: Instalado  aparelho berçário. Não apta para o 2º aparelho', 'Apta parcialmente', '2026-03-24T00:00:00', '2026-03-24T00:00:00'),
  ('GOP-AR-2026-0006', 'Espaço de Desenvolvimento Infantil Padre Nelson Carlos Del Mônaco', '328801', '2026-03-24T00:00:00', 'salas 7 e 8', 'Substituição/Instalação de Aparelho', '5 - Orçamento em análise/decisão', 'GIN / Unidade Escolar', 'Confirmar recurso, data de início e previsão de conclusão das adequações.', '', 'Pendente de Vistoria', 'Média', 'Não', 'Status original: Orçamentos aprovados pela E/CTIN em 17/04/2026 | Observação original: Aguardando previsão de término das adequações elétricas | Registro GOP: Falta enviar 02 orçamento de elétrica', 'Não apta', '2026-03-24T00:00:00', '2026-03-24T00:00:00'),
  ('GOP-AR-2026-0007', 'Espaço de Desenvolvimento Infantil Educandário de Santa Cruz', '313806', '2026-02-27T00:00:00', 'A confirmar pela unidade', 'Substituição/Instalação de Aparelho', '7 - Adequação em execução', 'GIN / Unidade Escolar', 'Acompanhar execução e registrar data de conclusão.', '', 'Pendente de Vistoria', 'Média', 'Não', 'Status original: Orçamentos aprovados pela E/CTIN em 17/04/2026 | Observação original: Aguardando previsão de término das adequações elétricas | Registro GOP: Não tem demanda por aprelho, apenas adequações eléticas. Obra iniciada em  05...', 'Não apta', '2026-02-27T00:00:00', '2026-02-27T00:00:00'),
  ('GOP-AR-2026-0008', 'Escola Municipal Nereu Sampaio', '312014', '2026-02-04T00:00:00', 'A confirmar pela unidade', 'Substituição/Instalação de Aparelho', '7 - Adequação em execução', 'GIN / Unidade Escolar', 'Acompanhar execução e registrar data de conclusão.', '', 'Pendente de Vistoria', 'Média', 'Não', 'Status original: GIN informou que adequações elétricas foram iniciadas em 07/04/2026 | Observação original: Aguardando término das adequações elétricas - previsão 28/04/2026 | Registro GOP: Solicitar nova vistoria para inclusão de aparelhos nas salas sem climatização', 'Apta parcialmente', '2026-02-04T00:00:00', '2026-02-04T00:00:00'),
  ('GOP-AR-2026-0009', 'Escola Municipal José Veríssimo', '313002', '2026-02-20T00:00:00', 'Salas 01 a 05,08, 09,10,17, 21 e 24', 'Substituição/Instalação de Aparelho', '4 - Aguardando orçamento', 'Unidade Escolar / GIN', 'Cobrar/receber orçamentos e conferir se contemplam o escopo técnico.', '', 'Pendente de Vistoria', 'Média', 'Não', 'Status original: Aguardando orçamentos para adequação | Observação original: Última cobrança da E/CTO - 20/04/2026 | Registro GOP: Aguardando data do início da obra', 'Não apta', '2026-02-20T00:00:00', '2026-02-20T00:00:00'),
  ('GOP-AR-2026-0010', 'Escola Municipal Professor Augusto Paulino Filho', '313022', '2026-03-24T00:00:00', 'salas 02,10, 15 e 17', 'Substituição/Instalação de Aparelho', '5 - Orçamento em análise/decisão', 'GIN / Unidade Escolar', 'Confirmar recurso, data de início e previsão de conclusão das adequações.', '', 'Pendente de Vistoria', 'Média', 'Não', 'Status original: Aguardando orçamentos para adequação | Observação original: Última cobrança da E/CTO - 20/04/2026 | Registro GOP: Sala de aula sem climatização Orçamentos  aprovados pela CPS- aguardando a da...', 'Não apta', '2026-03-24T00:00:00', '2026-03-24T00:00:00'),
  ('GOP-AR-2026-0011', 'Escola Municipal Isabel Mendes', '313018', '2026-03-24T00:00:00', 'salas 1,2,3,4,5,6,7,9,11 e recursos', 'Substituição/Instalação de Aparelho', '4 - Aguardando orçamento', 'Unidade Escolar / GIN', 'Cobrar/receber orçamentos e conferir se contemplam o escopo técnico.', '', 'Pendente de Vistoria', 'Média', 'Não', 'Status original: Aguardando orçamentos para adequação | Observação original: Última cobrança da E/CTO - 20/04/2026 | Registro GOP: Previsão de término da elétrica 15/06', 'Não apta', '2026-03-24T00:00:00', '2026-03-24T00:00:00'),
  ('GOP-AR-2026-0012', 'Escola Municipal Eurico Vilela', '312021', '2026-03-24T00:00:00', 'sala 2 , 5, 10, 9 e 12', 'Substituição/Instalação de Aparelho', '7 - Adequação em execução', 'GIN / Unidade Escolar', 'Acompanhar execução e registrar data de conclusão.', '', 'Pendente de Vistoria', 'Média', 'Não', 'Status original: Aguardando orçamentos para adequação | Observação original: Última cobrança da E/CTO - 20/04/2026 | Registro GOP: Valor imputado no cartão SDP.', 'Não apta', '2026-03-24T00:00:00', '2026-03-24T00:00:00'),
  ('GOP-AR-2026-0013', 'Escola Municipal Brigadeiro Faria Lima', '313040', '2026-03-24T00:00:00', 'Salas 7 e 12', 'Substituição/Instalação de Aparelho', '10 - Concluído', 'GOP', 'Confirmar encerramento e atualizar cadastro vivo da unidade.', '', 'Sim', 'Média', 'Não', 'Status original: Providenciando instalação dos aparelhos enviados | Observação original: Aparelhos requisitados em 30/03/2026 | Registro GOP: Aparelhos instalados', 'Apta', '2026-03-24T00:00:00', '2026-03-24T00:00:00'),
  ('GOP-AR-2026-0014', 'Escola Municipal Tobias Barreto', '313041', '2026-03-24T00:00:00', 'A confirmar pela unidade', 'Substituição/Instalação de Aparelho', '4 - Aguardando orçamento', 'Unidade Escolar / GIN', 'Cobrar/receber orçamentos e conferir se contemplam o escopo técnico.', '', 'Pendente de Vistoria', 'Média', 'Não', 'Status original: Aguardando orçamentos para adequação | Observação original: Aparelhos requisitados em 01/04/2026 | Registro GOP: Aguardando orçamentos', 'Não apta', '2026-03-24T00:00:00', '2026-03-24T00:00:00'),
  ('GOP-AR-2026-0015', 'Escola Municipal Cívico Militar Carioca', '312043', '2026-03-24T00:00:00', 'Salas 1,2,4,5,6,7,8,9,10,11 artes, sala inteligente', 'Substituição/Instalação de Aparelho', '10 - Concluído', 'GOP', 'Confirmar encerramento e atualizar cadastro vivo da unidade.', '', 'Sim', 'Média', 'Não', 'Status original: Providenciando instalação dos aparelhos enviados | Observação original: Aparelhos requisitados em 01/04/2026 e 06/04/2026 | Registro GOP: Aparelhos instalados', 'Apta', '2026-03-24T00:00:00', '2026-03-24T00:00:00'),
  ('GOP-AR-2026-0016', 'Escola Municipal Joaquim Ribeiro', '312023', '2025-02-26T00:00:00', 'Colaboratório - 2 janelas de 18 mil BTU
Sala 308 - 1 split de 18 mil BTU (2° ...', 'Substituição/Instalação de Aparelho', '10 - Concluído', 'GOP', 'Confirmar encerramento e atualizar cadastro vivo da unidade.', '', 'Sim', 'Média', 'Não', 'Status original: Providenciando instalação dos aparelhos enviados | Observação original: Aparelhos requisitados em 07/04/2026 | Registro GOP: Aparelhos instalados', 'Apta', '2025-02-26T00:00:00', '2025-02-26T00:00:00'),
  ('GOP-AR-2026-0017', 'Escola Municipal Sarmiento', '313007', '2026-03-25T00:00:00', 'Sala 1, 10, 16', 'Substituição/Instalação de Aparelho', '1 - Recebido — em triagem', 'GOP', 'Verificar informações mínimas e definir encaminhamento.', '', 'Pendente de Vistoria', 'Média', 'Não', 'Status original: Providenciando instalação dos aparelhos enviados | Observação original: Aparelhos requisitados em 08/04/2026 | Registro GOP: Aguardando a confirmação da instalação dos aparelhos', '', '2026-03-25T00:00:00', '2026-03-25T00:00:00'),
  ('GOP-AR-2026-0018', 'Escola Municipal Manoel Bomfim', '312012', '2025-08-13T00:00:00', 'Sala 5', 'Substituição/Instalação de Aparelho', '10 - Concluído', 'GOP', 'Confirmar encerramento e atualizar cadastro vivo da unidade.', '', 'Sim', 'Média', 'Não', 'Status original: Providenciando instalação dos aparelhos enviados | Observação original: Aparelhos requisitados em 10/04/2026 | Registro GOP: Aparelhos instalados', 'Apta', '2025-08-13T00:00:00', '2025-08-13T00:00:00'),
  ('GOP-AR-2026-0019', 'Escola Municipal Antônio Pereira', '312035', '2026-05-22T00:00:00', 'salas 2 e 4', 'Substituição/Instalação de Aparelho', '3 - Vistoria concluída', 'GIN / CPS', 'Preparar comunicação para CTO, se a demanda já estiver autorizada.', '', 'Sim', 'Média', 'Não', 'Status original: Providenciando instalação dos aparelhos enviados | Observação original: Aparelhos requisitados em 21/05/2026 | Registro GOP: Recebeu os aparelhos. Previsão de término da instalação 29/05', 'Apta', '2026-05-22T00:00:00', '2026-05-22T00:00:00'),
  ('GOP-AR-2026-0020', 'Espaço de Desenvolvimento Infantil Henrique Foréis', '312801', '2026-03-24T00:00:00', 'berçário  | berçário', 'Substituição/Instalação de Aparelho', '10 - Concluído', 'GOP', 'Confirmar encerramento e atualizar cadastro vivo da unidade.', '', 'Sim', 'Média', 'Não', 'Status original: Providenciando instalação dos aparelhos enviados | Observação original: Aparelhos requisitados em 21/05/2026 | Registro GOP: Instalados', 'Apta', '2026-03-24T00:00:00', '2026-03-24T00:00:00'),
  ('GOP-AR-2026-0021', 'Núcleo de Arte Nise da Silveira', '312006', '2026-03-24T00:00:00', 'Sala de teatro', 'Substituição/Instalação de Aparelho', '10 - Concluído', 'GOP', 'Confirmar encerramento e atualizar cadastro vivo da unidade.', '', 'Pendente de Vistoria', 'Média', 'Não', 'Status original: Garantia acionada  | Observação original: Aparelhos requisitados em 09/05/2026 | Registro GOP: Sala de Teatro instalado. Adequação para instalação na sala de dança', 'Apta parcialmente', '2026-03-24T00:00:00', '2026-03-24T00:00:00'),
  ('GOP-AR-2026-0022', 'Creche Municipal Tia Andreza', '328602', '2025-05-22T00:00:00', 'Refeitório, sala dos professores, salas 1 e 4', 'Substituição/Instalação de Aparelho', '4 - Aguardando orçamento', 'Unidade Escolar / GIN', 'Cobrar/receber orçamentos e conferir se contemplam o escopo técnico.', '', 'Pendente de Vistoria', 'Média', 'Não', 'Status original: Aguardando orçamentos para adequação | Registro GOP: Unidade fábrica de vidro', 'Não apta', '2025-05-22T00:00:00', '2025-05-22T00:00:00'),
  ('GOP-AR-2026-0023', 'CIEP Vinicius de Moraes', '328501', '2026-05-04T00:00:00', 'Salas 1, 2, 4, 6, 7, 11, 10 e 12', 'Substituição/Instalação de Aparelho', '10 - Concluído', 'GOP', 'Confirmar encerramento e atualizar cadastro vivo da unidade.', '', 'Pendente de Vistoria', 'Média', 'Não', 'Observação original: Aparelho requisitado para sala 10 | Registro GOP: Aparelho instalado na sala de recursos sala 10. Adequação elétrica para as de...', 'Apta parcialmente', '2026-05-04T00:00:00', '2026-05-04T00:00:00'),
  ('GOP-AR-2026-0024', 'Escola Municipal Alagoas', '313051', '2026-05-19T00:00:00', '1,2,3,4,5,6,7,8,9,10,11,12', 'Substituição/Instalação de Aparelho', '10 - Concluído', 'GOP', 'Confirmar encerramento e atualizar cadastro vivo da unidade.', '', 'Sim', 'Média', 'Não', 'Status original: Vistoria finalizada | Registro GOP: Instalados', 'Apta', '2026-05-19T00:00:00', '2026-05-19T00:00:00'),
  ('GOP-AR-2026-0025', 'Escola Especial Municipal Doutor Ulisses Pernambucano', '313055', '2026-05-07T00:00:00', 'sala de leitura', 'Substituição/Instalação de Aparelho', '4 - Aguardando orçamento', 'Unidade Escolar / GIN', 'Cobrar/receber orçamentos e conferir se contemplam o escopo técnico.', '', 'Pendente de Vistoria', 'Média', 'Não', 'Status original: Aguardando orçamentos para adequação | Registro GOP: Busacando orçamentos', 'Não apta', '2026-05-07T00:00:00', '2026-05-07T00:00:00'),
  ('GOP-AR-2026-0026', 'Creche Municipal José de Vieira da Silva', '330601', '2026-05-06T00:00:00', 'refeitório', 'Substituição/Instalação de Aparelho', '4 - Aguardando orçamento', 'Unidade Escolar / GIN', 'Cobrar/receber orçamentos e conferir se contemplam o escopo técnico.', '', 'Pendente de Vistoria', 'Média', 'Não', 'Status original: Aguardando orçamentos para adequação | Registro GOP: Climatização do refeitório com 03 splits 24 mil que se encontram na unidade.', 'Não apta', '2026-05-06T00:00:00', '2026-05-06T00:00:00'),
  ('GOP-AR-2026-0027', 'Escola Municipal Hélio Smidt', '313034', '2026-03-24T00:00:00', 'Colaboratório Sala de leitura', 'Substituição/Instalação de Aparelho', '10 - Concluído', 'CTO', 'Confirmar encerramento e atualizar cadastro vivo da unidade.', '', 'Sim', 'Média', 'Não', 'Aparelhos enviados em 18/05/2026 | Instalação concluída', 'Apta', '2026-03-24T00:00:00', '2026-03-24T00:00:00'),
  ('GOP-AR-2026-0028', 'Escola Municipal Levy Neves', '312033', '2026-03-24T00:00:00', 'A confirmar pela unidade', 'Substituição/Instalação de Aparelho', '2 - Em vistoria técnica', 'CPS', 'Acompanhar agendamento de vistoria técnica pela CPS.', '', 'Pendente de Vistoria', 'Média', 'Não', 'A GAD está em fase de liquidação do empenho para que os serviços possam ser iniciados.', 'Pendente', '2026-03-24T00:00:00', '2026-03-24T00:00:00')
ON CONFLICT (id_chamado) DO UPDATE SET
  unidade_escolar=EXCLUDED.unidade_escolar, designacao=EXCLUDED.designacao, data_solicitacao=EXCLUDED.data_solicitacao, local_demanda=EXCLUDED.local_demanda, tipo_demanda=EXCLUDED.tipo_demanda, status_atual=EXCLUDED.status_atual, setor_responsavel=EXCLUDED.setor_responsavel, proxima_providencia=EXCLUDED.proxima_providencia, ultima_movimentacao=EXCLUDED.ultima_movimentacao, informacao_validada=EXCLUDED.informacao_validada, prioridade=EXCLUDED.prioridade, comunicacao_cto=EXCLUDED.comunicacao_cto, observacoes=EXCLUDED.observacoes, resultado_aptidao=EXCLUDED.resultado_aptidao, criado_em=EXCLUDED.criado_em, modificado_em=EXCLUDED.modificado_em;

-- 28 eventos de histórico
INSERT INTO historico (id_evento, data, id_chamado, designacao, unidade_escolar, marco_relevante, setor, responsavel_registro, observacao) VALUES
  ('EV-00001', '2026-03-24T00:00:00', 'GOP-AR-2026-0001', '313025', 'Escola Municipal Professor Visitação', '3.1 — UE: identificar intercorrência e informar à GOP', 'GOP', 'Sistema (migração inicial)', 'Aguardando data de início das adequações elétricas | Previsão de  conclusão elétrica 16/06'),
  ('EV-00002', '2025-12-09T00:00:00', 'GOP-AR-2026-0002', '313020', '', '3.1 — UE: identificar intercorrência e informar à GOP', 'GOP', 'Sistema (migração inicial)', 'E/CTIN sinalizou que os orçamentos enviados não atendem - 14/04/2026 | Visita da CTIN não identificou demanda por aprelhos / Diretor solicita aparelho para Sala de ginástica, secretaria, sala de leitu'),
  ('EV-00003', '2025-08-18T00:00:00', 'GOP-AR-2026-0003', '312805', '', '3.1 — UE: identificar intercorrência e informar à GOP', 'GOP', 'Sistema (migração inicial)', 'E/CTIN disse que agendaria vistoria - 20/04/2026 | Instalados'),
  ('EV-00004', '2026-03-24T00:00:00', 'GOP-AR-2026-0004', '312502', 'CIEP Procópio Ferreira', '3.1 — UE: identificar intercorrência e informar à GOP', 'GOP', 'Sistema (migração inicial)', 'Aguardando data de início das adequações elétricas | Sala de aula sem climatização. Obra iniciada em 13/05 previsão de término 30/05'),
  ('EV-00005', '2026-03-24T00:00:00', 'GOP-AR-2026-0005', '328601', 'Creche Municipal Geralda de Jesus Aleixo', '3.1 — UE: identificar intercorrência e informar à GOP', 'GOP', 'Sistema (migração inicial)', 'Aguardando previsão de término das adequações elétricas | Instalado  aparelho berçário. Não apta para o 2º aparelho'),
  ('EV-00006', '2026-03-24T00:00:00', 'GOP-AR-2026-0006', '328801', 'Espaço de Desenvolvimento Infantil Padre Nelson Carlos Del Mônaco', '3.1 — UE: identificar intercorrência e informar à GOP', 'GOP', 'Sistema (migração inicial)', 'Aguardando previsão de término das adequações elétricas | Falta enviar 02 orçamento de elétrica'),
  ('EV-00007', '2026-02-27T00:00:00', 'GOP-AR-2026-0007', '313806', 'Espaço de Desenvolvimento Infantil Educandário de Santa Cruz', '3.1 — UE: identificar intercorrência e informar à GOP', 'GOP', 'Sistema (migração inicial)', 'Aguardando previsão de término das adequações elétricas | Não tem demanda por aprelho, apenas adequações eléticas. Obra iniciada em  05/05/26 com previsão de término no dia 26/05/26'),
  ('EV-00008', '2026-02-04T00:00:00', 'GOP-AR-2026-0008', '312014', 'Escola Municipal Nereu Sampaio', '3.1 — UE: identificar intercorrência e informar à GOP', 'GOP', 'Sistema (migração inicial)', 'Aguardando término das adequações elétricas - previsão 28/04/2026 | Solicitar nova vistoria para inclusão de aparelhos nas salas sem climatização'),
  ('EV-00009', '2026-02-20T00:00:00', 'GOP-AR-2026-0009', '313002', 'Escola Municipal José Veríssimo', '3.1 — UE: identificar intercorrência e informar à GOP', 'GOP', 'Sistema (migração inicial)', 'Última cobrança da E/CTO - 20/04/2026 | Aguardando data do início da obra'),
  ('EV-00010', '2026-03-24T00:00:00', 'GOP-AR-2026-0010', '313022', 'Escola Municipal Professor Augusto Paulino Filho', '3.1 — UE: identificar intercorrência e informar à GOP', 'GOP', 'Sistema (migração inicial)', 'Última cobrança da E/CTO - 20/04/2026 | Sala de aula sem climatização Orçamentos  aprovados pela CPS- aguardando a data de início da obra'),
  ('EV-00011', '2026-03-24T00:00:00', 'GOP-AR-2026-0011', '313018', 'Escola Municipal Isabel Mendes', '3.1 — UE: identificar intercorrência e informar à GOP', 'GOP', 'Sistema (migração inicial)', 'Última cobrança da E/CTO - 20/04/2026 | Previsão de término da elétrica 15/06'),
  ('EV-00012', '2026-03-24T00:00:00', 'GOP-AR-2026-0012', '312021', 'Escola Municipal Eurico Vilela', '3.1 — UE: identificar intercorrência e informar à GOP', 'GOP', 'Sistema (migração inicial)', 'Última cobrança da E/CTO - 20/04/2026 | Valor imputado no cartão SDP.'),
  ('EV-00013', '2026-03-24T00:00:00', 'GOP-AR-2026-0013', '313040', 'Escola Municipal Brigadeiro Faria Lima', '3.1 — UE: identificar intercorrência e informar à GOP', 'GOP', 'Sistema (migração inicial)', 'Aparelhos requisitados em 30/03/2026 | Aparelhos instalados'),
  ('EV-00014', '2026-03-24T00:00:00', 'GOP-AR-2026-0014', '313041', 'Escola Municipal Tobias Barreto', '3.1 — UE: identificar intercorrência e informar à GOP', 'GOP', 'Sistema (migração inicial)', 'Aparelhos requisitados em 01/04/2026 | Aguardando orçamentos'),
  ('EV-00015', '2026-03-24T00:00:00', 'GOP-AR-2026-0015', '312043', 'Escola Municipal Cívico Militar Carioca', '3.1 — UE: identificar intercorrência e informar à GOP', 'GOP', 'Sistema (migração inicial)', 'Aparelhos requisitados em 01/04/2026 e 06/04/2026 | Aparelhos instalados'),
  ('EV-00016', '2025-02-26T00:00:00', 'GOP-AR-2026-0016', '312023', '', '3.1 — UE: identificar intercorrência e informar à GOP', 'GOP', 'Sistema (migração inicial)', 'Aparelhos requisitados em 07/04/2026 | Aparelhos instalados'),
  ('EV-00017', '2026-03-25T00:00:00', 'GOP-AR-2026-0017', '313007', 'Escola Municipal Sarmiento', '3.1 — UE: identificar intercorrência e informar à GOP', 'GOP', 'Sistema (migração inicial)', 'Aparelhos requisitados em 08/04/2026 | Aguardando a confirmação da instalação dos aparelhos'),
  ('EV-00018', '2025-08-13T00:00:00', 'GOP-AR-2026-0018', '312012', '', '3.1 — UE: identificar intercorrência e informar à GOP', 'GOP', 'Sistema (migração inicial)', 'Aparelhos requisitados em 10/04/2026 | Aparelhos instalados'),
  ('EV-00019', '2026-05-22T00:00:00', 'GOP-AR-2026-0019', '312035', 'Escola Municipal Antônio Pereira', '3.1 — UE: identificar intercorrência e informar à GOP', 'GOP', 'Sistema (migração inicial)', 'Aparelhos requisitados em 21/05/2026 | Recebeu os aparelhos. Previsão de término da instalação 29/05'),
  ('EV-00020', '2026-03-24T00:00:00', 'GOP-AR-2026-0020', '312801', 'Espaço de Desenvolvimento Infantil Henrique Foréis', '3.1 — UE: identificar intercorrência e informar à GOP', 'GOP', 'Sistema (migração inicial)', 'Aparelhos requisitados em 21/05/2026 | Instalados'),
  ('EV-00021', '2026-03-24T00:00:00', 'GOP-AR-2026-0021', '312006', 'Núcleo de Arte Nise da Silveira', '3.1 — UE: identificar intercorrência e informar à GOP', 'GOP', 'Sistema (migração inicial)', 'Aparelhos requisitados em 09/05/2026 | Sala de Teatro instalado. Adequação para instalação na sala de dança'),
  ('EV-00022', '2025-05-22T00:00:00', 'GOP-AR-2026-0022', '328602', '', '3.1 — UE: identificar intercorrência e informar à GOP', 'GOP', 'Sistema (migração inicial)', 'Unidade fábrica de vidro'),
  ('EV-00023', '2026-05-04T00:00:00', 'GOP-AR-2026-0023', '328501', 'CIEP Vinicius de Moraes', '3.1 — UE: identificar intercorrência e informar à GOP', 'GOP', 'Sistema (migração inicial)', 'Aparelho requisitado para sala 10 | Aparelho instalado na sala de recursos sala 10. Adequação elétrica para as demais salas.'),
  ('EV-00024', '2026-05-19T00:00:00', 'GOP-AR-2026-0024', '313051', 'Escola Municipal Alagoas', '3.1 — UE: identificar intercorrência e informar à GOP', 'GOP', 'Sistema (migração inicial)', 'Instalados'),
  ('EV-00025', '2026-05-07T00:00:00', 'GOP-AR-2026-0025', '313055', 'Escola Especial Municipal Doutor Ulisses Pernambucano', '3.1 — UE: identificar intercorrência e informar à GOP', 'GOP', 'Sistema (migração inicial)', 'Busacando orçamentos'),
  ('EV-00026', '2026-05-06T00:00:00', 'GOP-AR-2026-0026', '330601', 'Creche Municipal José de Vieira da Silva', '3.1 — UE: identificar intercorrência e informar à GOP', 'GOP', 'Sistema (migração inicial)', 'Climatização do refeitório com 03 splits 24 mil que se encontram na unidade.'),
  ('EV-00027', '2026-03-24T00:00:00', 'GOP-AR-2026-0027', '313034', 'Escola Municipal Hélio Smidt', '3.1 — UE: identificar intercorrência e informar à GOP', 'GOP', 'Sistema (migração inicial)', 'Aparelhos enviados em 18/05/2026 | Instalação concluída'),
  ('EV-00028', '2026-03-24T00:00:00', 'GOP-AR-2026-0028', '312033', 'Escola Municipal Levy Neves', '3.1 — UE: identificar intercorrência e informar à GOP', 'GOP', 'Sistema (migração inicial)', 'A GAD está em fase de liquidação do empenho para que os serviços possam ser iniciados.')
ON CONFLICT (id_evento) DO UPDATE SET
  data=EXCLUDED.data, id_chamado=EXCLUDED.id_chamado, designacao=EXCLUDED.designacao, unidade_escolar=EXCLUDED.unidade_escolar, marco_relevante=EXCLUDED.marco_relevante, setor=EXCLUDED.setor, responsavel_registro=EXCLUDED.responsavel_registro, observacao=EXCLUDED.observacao;

-- 8 modelos de e-mail
INSERT INTO modelos_email (tipo, etapa, template) VALUES
  ('Solicitação de Adequação Elétrica', '03 → 04', 'Assunto: Solicitação de adequação da infraestrutura elétrica — Chamado {ID_CHAMADO} ({UNIDADE})

Prezados, para viabilizar a futura instalação dos aparelhos de climatização solicitados pela {UNIDADE} sob o chamado {ID_CHAMADO}, encaminho a solicitação de análise da infraestrutura elétrica local conforme diretrizes técnicas.

Pedimos especial atenção quanto à capacidade da subestação e rede interna de distribuição antes da entrega dos aparelhos.

Atenciosamente, GOP/3ª CRE'),
  ('Solicitação de Vistoria', '02 → 03', 'Assunto: Solicitação de vistoria técnica — Chamado {ID_CHAMADO} ({UNIDADE})

Prezados, encaminho para conhecimento e providências a demanda de climatização registrada pela {UNIDADE} sob o chamado {ID_CHAMADO}. Solicito o agendamento de vistoria técnica para avaliação da situação local conforme POP-002/25.

Informações:
• Identificação do local: [descrever]
• Tipo de aparelho existente: [split/janela] | BTUs: [informar]
• 1º ou 2º aparelho do local: [informar]

Atenciosamente, GOP/3ª CRE'),
  ('Encaminhamento de Orçamentos', '10 → 11', 'Assunto: Orçamentos para análise técnica — Chamado {ID_CHAMADO}

Prezados, encaminho os orçamentos apresentados pela {UNIDADE} referentes ao chamado {ID_CHAMADO} para análise técnica da CPS. Os orçamentos seguem em anexo e atendem aos requisitos estabelecidos no relatório técnico.

Aguardo retorno para prosseguimento. Atenciosamente, GOP/3ª CRE'),
  ('Comunicação de Aprovação', '12 → 13', 'Assunto: Aprovação de orçamento — Chamado {ID_CHAMADO}

Prezados, comunico que o orçamento referente ao chamado {ID_CHAMADO} ({UNIDADE}) foi APROVADO pela análise técnica em {DATA}. Solicito que a unidade dê prosseguimento à contratação dos serviços conforme escopo aprovado.

Atenciosamente, GOP/3ª CRE'),
  ('Solicitação de Recursos', '13 → 14', 'Assunto: Verificação de recursos — Chamado {ID_CHAMADO}

Prezados da GAD, solicito verificação da disponibilidade de recursos para execução dos serviços referentes ao chamado {ID_CHAMADO} ({UNIDADE}), com orçamento aprovado em {DATA}. Em caso de insuficiência, aguardo orientação quanto a remanejamento ou nova concessão.

Atenciosamente, GOP/3ª CRE'),
  ('Informe de Início de Serviços', '16 → 17', 'Assunto: Início de execução — Chamado {ID_CHAMADO}

Prezados, informo que os serviços relativos ao chamado {ID_CHAMADO} ({UNIDADE}) tiveram início em {DATA}. Previsão de conclusão: [INFORMAR]. Manteremos comunicação tempestiva sobre o andamento.

Atenciosamente, GOP/3ª CRE'),
  ('Autorização de Instalação', '21 → 22', 'Assunto: Autorização de instalação — Chamado {ID_CHAMADO}

Prezados da CTO, comunico que os serviços de adequação prévia referentes ao chamado {ID_CHAMADO} ({UNIDADE}) foram concluídos e aprovados em {DATA}. Solicito o planejamento da entrega e instalação dos aparelhos conforme demanda inicial.

Atenciosamente, GOP/3ª CRE'),
  ('Encerramento de Chamado', '27 → 28', 'Assunto: Encerramento — Chamado {ID_CHAMADO}

Prezados, comunico o encerramento do chamado {ID_CHAMADO} ({UNIDADE}) com instalação concluída em {DATA}. Todos os registros foram atualizados no controle interno. Equipe disponível para qualquer esclarecimento.

Atenciosamente, GOP/3ª CRE');
